#,D1,D2,D3,D4,D5,D6,Q1,Q2,Q3,Q4,Q5,Q6,Q7,Q8,Q9,Q10,Q11,Q12,Q13,Open-ended question,,,,,,,,,,,,,
1,Male,62,Public Enterprise,Project Manager,35,20 or more,2,4,4,5,4,4,4,4,4,5,5,5,5,"I think business analysis and capturing business requirements are key to project success. Stakeholder management is another important component that is not addressed here. Moreover, the pace of the project is important- doing tasks too quickly results in failure as well. So, the way the project is implemented, whether agile or linear, is also key to its success. Applying project management principles in a structured way would also avoid failures. Good luck.",,,,,,,,,,,,,
2,Male,61,Foreign Capital Enterprise,Manager/Director,15,20 or more,4,2,3,4,5,5,5,5,5,5,4,4,4,No answer,,,,,,,,,,,,,
3,Male,61,Mixed Enterprise (Public-Private partnership),Manager/Director,17,20 or more,2,3,4,5,4,5,4,5,4,5,4,4,4,No answer,,,,,,,,,,,,,
4,Male,60,Private Enterprise,System Architect,23,20 or more,3,3,3,5,4,5,5,5,5,5,5,4,4,"Ambiguous scope boundaries,  Scope creep, Overdoing agile (orthodox agile) and less result focus,  Lack of support and ownership from top management,  Team immaturity in terms of functioning as a team and technical aspect, Lack of “structure” and governance,  Inability to manage and steer the customer, Unrealistic targets and overpromising, Belated projects are becoming obsolete anymore ",,,,,,,,,,,,,
5,Male,60,Private Enterprise,Manager/Director,20,20 or more,2,4,4,5,4,4,4,4,4,5,5,4,4,"The failure to clarify customer expectations, analysis, and scope; inadequate planning, analysis, and design; not managing ongoing changes after the project has started with change management; not establishing a sufficiently competent and experienced team; and proceeding with inadequate, weak solutions found on the internet due to a cost-focused approach are the main failure factors.",,,,,,,,,,,,,
6,Male,60,Private Enterprise,Owner,12,20 or more,3,2,3,4,4,5,5,4,5,5,5,4,4,"Prolonged life cycles - hence changing key resources, changing business needs, changes in scope, elimination of important key features, oversight of relevant factors",,,,,,,,,,,,,
7,Female,59,Public Enterprise,Manager/Director,11,20 or more,4,3,4,4,4,4,5,5,4,4,4,4,4,No answer,,,,,,,,,,,,,
8,Male,59,Mixed Enterprise (Public-Private partnership),Manager/Director,16,20 or more,2,3,4,5,4,4,5,5,5,5,5,4,4,No answer,,,,,,,,,,,,,
9,Male,58,Private Enterprise,Manager/Director,22,20 or more,3,3,3,3,5,5,5,5,3,4,4,4,4,No answer,,,,,,,,,,,,,
10,Male,58,Private Enterprise,Manager/Director,11,11 to 15,2,2,3,4,4,5,4,4,5,4,4,4,4,"Project sponsors and adaptation by customers are one of the most important parts of any project. It is not always about completing a project. How it is perceived by end users, supported by other teams, and communicated within the organization makes a huge difference in the lifecycle and success of a project.",,,,,,,,,,,,,
11,Male,58,Private Enterprise,Manager/Director,3,20 or more,2,3,4,4,5,5,5,5,4,5,5,5,4,Lack of requirements. Poor requirements analysis. Insufficient verification and validation activities.,,,,,,,,,,,,,
12,Female,58,Public Enterprise,Manager/Director,23,11 to 15,3,1,3,5,4,5,5,5,5,4,4,4,4,No answer,,,,,,,,,,,,,
13,Male,58,Private Enterprise,Owner,4,20 or more,4,2,2,5,5,5,4,4,2,5,5,5,4,"I've mostly been involved in projects for embedded software and, to a lesser extent also, hardware. It is surprising to see how hardware development (in my experience) seems to be so much better predictable than software development. I'm not sure why that is. Is it better understood, perhaps? Regarding question 15, I think it is not necessary for an IT project manager to be knowledgeable about the details, but it does help.",,,,,,,,,,,,,
14,Male,58,Private Enterprise,Technical Support,3,20 or more,4,2,4,4,2,2,2,2,2,5,5,4,4,"The scope of work is not clearly defined. Bad-managed analysis and design phase
Misalignment between expectations and delivery capabilities combined with poor knowledge or understanding of required equipment and human resources needed to deliver successfully",,,,,,,,,,,,,
15,Male,57,Private Enterprise,Manager/Director,22,16 to 20,1,4,4,5,4,5,4,5,4,4,4,5,4,Unreasonable timeliness and budget constraints.,,,,,,,,,,,,,
16,Male,57,Foreign Capital Enterprise,Manager/Director,16,20 or more,2,3,4,5,5,5,5,4,4,5,5,4,4,Limited Budget,,,,,,,,,,,,,
17,Male,57,Private Enterprise,Manager/Director,3,20 or more,3,2,3,5,5,5,5,5,5,5,5,5,4,"At the beginning of the project, there was a failure to clearly define requirements, project stakeholders, and the responsibilities of stakeholders. Trying to run the project with personnel who do not have sufficient knowledge.",,,,,,,,,,,,,
18,Male,57,Private Enterprise,Owner,30,6 to 10,1,4,4,5,5,4,5,4,4,5,5,5,3,"Projects are mostly done in the public sector just for the sake of work, while in the private sector, they are carried out with increasing and changing expectations. The management team thinks that project management practices take time, and the project manager has to do all kinds of work, including project management, analysis, and programming.",,,,,,,,,,,,,
19,Male,57,Private Enterprise,Owner,28,20 or more,3,4,4,4,5,5,4,4,4,5,5,5,4,Constantly changing technologies that cannot be predicted in advance.,,,,,,,,,,,,,
20,Male,57,Private Enterprise,Owner,30,20 or more,5,1,1,3,4,5,5,5,5,4,4,5,4,No answer,,,,,,,,,,,,,
21,Male,57,Foreign Capital Enterprise,Manager/Director,16,20 or more,2,3,3,4,5,5,5,5,5,5,5,5,4,No answer,,,,,,,,,,,,,
22,Male,57,Private Enterprise,Project Manager,11,20 or more,2,4,4,5,4,5,5,5,5,5,5,4,4,No answer,,,,,,,,,,,,,
23,Female,57,Private Enterprise,Owner,29,20 or more,3,2,4,5,4,5,5,5,5,4,4,4,4,No answer,,,,,,,,,,,,,
24,Male,57,Private Enterprise,Owner,5,20 or more,2,2,2,4,4,5,5,5,4,4,4,5,4,"The lack of awareness about the concept of project management. Culturally, not having an idea about concepts such as quality, planning, root cause analysis, and pattern analysis.",,,,,,,,,,,,,
25,Male,57,Private Enterprise,Owner,29,20 or more,2,4,4,4,4,4,4,4,4,4,4,4,4,Not conducting tests and certifications in accordance with standards.,,,,,,,,,,,,,
26,Male,56,Private Enterprise,Manager/Director,8,20 or more,2,2,4,4,4,4,4,4,4,4,4,4,4,No answer,,,,,,,,,,,,,
27,Male,56,Private Enterprise,Project Manager,12,6 to 10,3,2,4,4,5,5,5,5,5,4,4,4,4,Any lack of coordination within the team negatively affects the project.,,,,,,,,,,,,,
28,Male,56,Private Enterprise,Manager/Director,2,1 to 5,2,2,2,4,4,5,5,4,3,5,5,4,4,No answer,,,,,,,,,,,,,
29,Male,56,Private Enterprise,Owner,27,20 or more,2,2,4,3,5,5,4,4,4,5,5,4,4,"Cheapness, ignorant customers, periods of economic crisis, force majeure.",,,,,,,,,,,,,
30,Female,56,Private Enterprise,Manager/Director,12,6 to 10,3,4,4,4,5,5,5,4,3,5,5,4,4,No answer,,,,,,,,,,,,,
31,Male,56,Private Enterprise,Owner,29,16 to 20,2,2,3,4,4,5,5,5,5,4,4,4,4,"Lack of a sponsor, poor management of scope, failure to ensure the involvement of project stakeholders, poor management of resources, insufficient dedication of the project team, not using agile methodology.",,,,,,,,,,,,,
32,Male,56,Private Enterprise,Manager/Director,4,1 to 5,2,2,4,4,5,5,5,5,5,5,5,4,4,Project sponsors do not give enough importance to the project and avoid motivating the project team sufficiently.,,,,,,,,,,,,,
33,Male,56,Private Enterprise,Project Manager,12,20 or more,2,1,3,4,4,5,4,5,3,4,4,5,5,"For a project to be successful, the full support of the project owner and sponsor is necessary; if top management does not accept and provide the necessary support, the project cannot be completed, and even if it is, it will not be implemented.",,,,,,,,,,,,,
34,Female,56,Private Enterprise,Software Developer,1,11 to 15,3,3,4,5,2,4,4,4,3,4,4,5,4,No answer,,,,,,,,,,,,,
35,Male,56,Private Enterprise,Manager/Director,4,1 to 5,2,2,4,4,5,5,5,5,5,5,5,4,4,"Knowledge, experience, and expertise.",,,,,,,,,,,,,
36,Female,56,Private Enterprise,System Analyst,1,20 or more,2,3,3,4,4,4,4,4,4,5,5,4,4,Please refer to the Agile Manifesto.,,,,,,,,,,,,,
37,Male,56,Private Enterprise,Owner,3,20 or more,2,3,4,5,2,4,5,5,3,4,4,5,4,No answer,,,,,,,,,,,,,
38,Male,56,Private Enterprise,Manager/Director,27,20 or more,3,3,3,4,4,5,5,4,4,5,5,5,4,The project manager tries to solve every problem on their own and does not inform stakeholders about negative developments in a timely manner.,,,,,,,,,,,,,
39,Male,56,Public Enterprise,Manager/Director,17,1 to 5,2,3,4,4,4,5,4,3,3,5,5,5,4,No answer,,,,,,,,,,,,,
40,Male,56,Private Enterprise,Owner,3,20 or more,2,3,4,5,2,4,5,5,3,4,4,5,4,The customer is unsure of what to do with the project output and not having the project carried out by a competent IT firm.,,,,,,,,,,,,,
41,Male,55,Private Enterprise,Manager/Director,10,6 to 10,2,3,2,3,5,4,4,5,4,5,5,4,4,No answer,,,,,,,,,,,,,
42,Male,54,Private Enterprise,Sales Personnel,2,20 or more,2,2,3,4,4,4,4,5,5,5,5,5,4,"There is no direct relationship between doing the work and making the payment for public projects. Political connections are influential. In private sector projects, the project owner is generally not knowledgeable and prefers to buy products instead of consulting services.",,,,,,,,,,,,,
43,Male,53,Private Enterprise,Owner,5,20 or more,3,4,4,5,5,5,4,4,3,5,5,5,4,"The most important factor affecting the failures in IT projects is the perception that these projects are seen as automation tasks. The IT project team often approaches and works on the project in this way. However, one of the most important goals of a good IT project should be to advance conventional working structures. IT projects that save computers from simply counting data and make them capable of data analysis make a difference.",,,,,,,,,,,,,
44,Male,52,Private Enterprise,Manager/Director,2,20 or more,1,2,3,5,4,5,4,4,4,4,4,5,4,No answer,,,,,,,,,,,,,
45,Male,52,Private Enterprise,Manager/Director,14,20 or more,1,4,4,5,4,5,5,4,3,4,4,5,4,"The failure to accurately identify scope, schedule, and budget, the lack of PMO and culture in institutions, the institution's organizational structure not being suitable for project management, insufficient support from top management...",,,,,,,,,,,,,
46,Male,52,Private Enterprise,Manager/Director,1,20 or more,2,2,4,5,5,5,4,4,3,5,5,5,4,No answer,,,,,,,,,,,,,
47,Female,52,Private Enterprise,Owner,4,1 to 5,3,2,4,4,5,5,5,5,5,4,4,5,4,"Technical inadequacy and the ""we can handle everything"" mentality. The customer is unsatisfied and shifts even their problems onto the project (to defend themselves against top management).",,,,,,,,,,,,,
48,Male,52,Private Enterprise,Owner,24,20 or more,4,2,3,5,4,5,5,5,4,5,5,5,4,No answer,,,,,,,,,,,,,
49,Male,52,Private Enterprise,Owner,20,1 to 5,3,2,3,4,4,5,5,5,3,4,4,5,4,Trying to establish high-performance infrastructure with a limited budget.,,,,,,,,,,,,,
50,Male,52,Private Enterprise,Manager/Director,17,20 or more,2,4,4,4,5,5,4,4,5,4,4,4,4,"The customer thinks everything will happen simultaneously, like a magic wand. Forcing the internal part used to the old structure to change results in the problem becoming unsolvable.",,,,,,,,,,,,,
51,Female,52,Private Enterprise,Manager/Director,12,11 to 15,4,2,4,4,5,4,4,5,3,5,5,4,4,No answer,,,,,,,,,,,,,
52,Male,52,Private Enterprise,Owner,24,20 or more,4,2,3,5,4,5,5,5,4,5,5,5,4,The management level does not own the project.,,,,,,,,,,,,,
53,Male,51,Private Enterprise,Owner,7,20 or more,1,4,4,5,4,5,5,4,5,4,4,5,4,Qualification,,,,,,,,,,,,,
54,Male,51,Private Enterprise,CEO,20,20 or more,4,2,3,4,5,4,4,5,4,4,4,5,4," Team, time, and budget constraints, frequent job changes of IT personnel, rapid technological changes, and the project not being suitable for the current time.",,,,,,,,,,,,,
55,Male,51,Private Enterprise,Owner,19,6 to 10,2,2,3,4,5,5,5,5,2,4,4,4,4,"The team carrying out the project should generally have more knowledge about the subject than the project owner and be familiar with the technical, legal, and administrative processes. Still, they should also benefit from the project owner's experience with the right questions.",,,,,,,,,,,,,
56,Male,51,Public Enterprise,Manager/Director,20,20 or more,2,4,4,5,4,5,5,5,5,4,4,5,4,No answer,,,,,,,,,,,,,
57,Male,50,Private Enterprise,Manager/Director,12,20 or more,2,4,4,4,4,5,5,5,4,4,4,4,4,No answer,,,,,,,,,,,,,
58,Male,50,Private Enterprise,Owner,27,1 to 5,5,5,5,5,1,2,1,2,1,4,4,4,4,Customer Budget Problem,,,,,,,,,,,,,
59,Male,50,Private Enterprise,Project Manager,8,1 to 5,3,2,4,5,5,5,5,5,5,4,4,4,3,The inability to establish a balance between scope and time.,,,,,,,,,,,,,
60,Male,50,Private Enterprise,Manager/Director,22,6 to 10,2,4,4,4,4,5,5,5,4,5,5,5,4,"Unfortunately, there are problems wherever there are people. Especially in a sector like IT, despite the need for high amounts of money, management trying to cut the necessary fees (including the number of personnel) is really annoying. In addition, extra and unpaid overtime, and even just saying ""good job"" as a motivation, like charity. Unfortunately, there are those who even find this too much.",,,,,,,,,,,,,
61,Male,50,Foreign Capital Enterprise,Sales Personnel,15,20 or more,2,4,4,5,4,5,5,5,4,4,4,4,4,"The lack of involvement or insufficiency of field experts in the project team leads to communication and expectation issues between the project owner and implementers. The lack or insufficiency of support from managers for the project. Not forming the right team. Especially in public projects, the inadequacy of the individuals involved on the public side.",,,,,,,,,,,,,
62,Male,49,Private Enterprise,Project Manager,1,1 to 5,3,5,5,5,4,4,3,5,5,5,5,5,4,No answer,,,,,,,,,,,,,
63,Male,49,Private Enterprise,Manager/Director,16,16 to 20,2,3,4,4,4,4,4,4,4,5,5,4,4, Inadequacy on all sides.,,,,,,,,,,,,,
64,Male,49,Private Enterprise,Project Manager,24,20 or more,3,3,3,5,4,4,4,4,4,5,5,5,4,The inadequacy of consultants and the high expectations of project owners due to the rosy picture drawn by sales personnel.,,,,,,,,,,,,,
65,Male,49,Mixed Enterprise (Public-Private partnership),System Architect,23,20 or more,2,2,2,4,5,5,4,5,4,5,5,4,4,"The failure to clearly define project outputs and key performance indicators.
Management, procurement, finance, lack of education, or insufficient knowledge.",,,,,,,,,,,,,
66,Male,49,Private Enterprise,Manager/Director,15,20 or more,2,2,4,5,5,4,5,5,4,5,5,5,4,No answer,,,,,,,,,,,,,
67,Male,49,Private Enterprise,Owner,3,20 or more,2,3,3,3,4,4,4,4,4,5,5,4,4,No answer,,,,,,,,,,,,,
68,Male,49,Private Enterprise,Technical Support,5,20 or more,1,4,4,5,4,4,4,4,4,5,5,4,5,"The inability to achieve a healthy combination of people, processes, and technology in IT projects and many other projects leads to project failures. The right people with the required competencies should be selected for the project. Those who know the technology may not fully understand the process. Or those who understand the process may not use the right technology. Achieving this harmony greatly contributes to the successful completion and continuity of projects. Good luck.. good work.",,,,,,,,,,,,,
69,Male,48,Private Enterprise,Manager/Director,12,6 to 10,3,1,4,4,4,5,5,4,3,4,4,5,4,Stakeholders not owning or believing in the project.,,,,,,,,,,,,,
70,Male,48,Private Enterprise,Owner,29,20 or more,2,3,4,5,4,5,4,4,4,4,4,5,4,Tender system.,,,,,,,,,,,,,
71,Male,48,Mixed Enterprise (Public-Private partnership),Manager/Director,8,11 to 15,2,2,4,4,5,5,4,3,3,4,4,4,5,"Insufficient planning due to coordination with those in need, the failure to detail needs, leading to requests for changes after a certain period. The inability of managers to foresee the savings brought by technology leads to the preference for cheap solutions due to the high initial cost.",,,,,,,,,,,,,
72,Male,47,Public Enterprise,Manager/Director,3,6 to 10,2,2,3,5,4,4,4,4,4,4,4,5,4,No answer,,,,,,,,,,,,,
73,Male,47,Foreign Capital Enterprise,System Analyst,19,11 to 15,2,4,4,4,3,4,5,5,5,4,4,4,4,No answer,,,,,,,,,,,,,
74,Male,46,Private Enterprise,Manager/Director,14,20 or more,5,1,3,4,4,4,3,4,4,5,5,5,5,No answer,,,,,,,,,,,,,
75,Male,46,Private Enterprise,Owner,9,20 or more,3,2,3,4,5,5,4,5,5,5,5,5,5, Technological developments affect long-term projects by the time they are completed.,,,,,,,,,,,,,
76,Female,45,Private Enterprise,Owner,5,20 or more,3,3,3,4,4,4,4,4,4,4,4,4,4,"The education system, the effectiveness of the process understanding rather than the product understanding.",,,,,,,,,,,,,
77,Male,45,Private Enterprise,Technical Support,1,20 or more,1,3,4,4,5,5,4,5,4,5,5,5,4,No answer,,,,,,,,,,,,,
78,Male,45,Private Enterprise,Manager/Director,12,20 or more,3,2,3,3,4,5,4,5,4,5,4,4,4,"The lack or inefficiency of Steering Committee meetings, communication issues with sub-teams, budget planning, and human resource issues.",,,,,,,,,,,,,
79,Female,45,Private Enterprise,Owner,5,20 or more,3,3,3,4,4,4,4,4,4,5,4,4,4,"Inexperienced employees. Visionless management, the ""we can handle it"" mentality.",,,,,,,,,,,,,
80,Male,45,Mixed Enterprise (Public-Private partnership),Manager/Director,4,20 or more,2,2,2,1,4,4,4,4,4,5,5,5,4,No answer,,,,,,,,,,,,,
81,Male,45,Mixed Enterprise (Public-Private partnership),Project Manager,10,6 to 10,3,1,3,5,5,5,4,2,2,4,4,4,4,No answer,,,,,,,,,,,,,
82,Male,44,Private Enterprise,Manager/Director,4,20 or more,3,2,2,5,5,5,5,5,3,4,4,4,4,No answer,,,,,,,,,,,,,
83,Male,44,Private Enterprise,Manager/Director,2,20 or more,2,2,2,4,4,4,5,5,4,4,4,5,4,No answer,,,,,,,,,,,,,
84,Male,44,Private Enterprise,System Analyst,18,6 to 10,4,2,4,4,5,4,3,3,4,5,5,5,4,The failure to select the project team and company well. The failure to determine the project budget well. The inability to ensure continuity.,,,,,,,,,,,,,
85,Male,44,Private Enterprise,Owner,21,,3,3,3,3,1,3,1,1,1,5,5,5,5,The alignment of corporate and strategic goals with project goals. Support from top management. Clear determination of requirements and expectations.,,,,,,,,,,,,,
86,Male,43,Private Enterprise,Manager/Director,18,20 or more,2,2,4,4,4,4,4,5,5,5,4,5,4,The failure to allocate a budget for project management.,,,,,,,,,,,,,
87,Male,43,Private Enterprise,Manager/Director,8,20 or more,2,1,4,4,4,4,4,4,4,5,5,5,4,Time is always limited.,,,,,,,,,,,,,
88,Male,43,Mixed Enterprise (Public-Private partnership),System Architect,11,20 or more,2,2,4,4,5,4,4,5,4,5,5,4,4,No answer,,,,,,,,,,,,,
89,Male,43,Public Enterprise,System Engineer,12,1 to 5,4,2,4,4,4,5,4,5,3,5,5,4,4,No answer,,,,,,,,,,,,,
90,Male,42,Private Enterprise,Manager/Director,6,20 or more,2,3,4,4,5,5,5,4,5,5,5,5,5,"There should be harmony between all the project components in their respective areas of responsibility. The project manager's ability to see these details and the future and to continually compare them with the documented expectations of the customer is key to the project's success. Customer expectations may change over time, but these must be mutually confirmed in writing. Otherwise, the project will never end, and budget deficits will occur, leading to discord among those responsible for",,,,,,,,,,,,,
91,Male,42,Foreign Capital Enterprise,Manager/Director,5,20 or more,1,4,3,5,4,5,5,4,2,5,5,5,4,The inability to reach an agreement on the scope.,,,,,,,,,,,,,
92,Male,42,Private Enterprise,Consultant,6,20 or more,2,3,4,5,4,5,4,5,4,4,4,5,4,No answer,,,,,,,,,,,,,
93,Male,42,Private Enterprise,Manager/Director,6,6 to 10,3,1,3,4,4,4,4,4,5,5,5,4,3,No answer,,,,,,,,,,,,,
94,Male,42,Mixed Enterprise (Public-Private partnership),Software Developer,19,16 to 20,3,4,4,4,5,5,4,4,4,4,4,4,4,The failure to comply with project management techniques and criteria.,,,,,,,,,,,,,
95,Male,41,Private Enterprise,Manager/Director,11,20 or more,2,4,3,4,5,5,5,5,5,5,5,5,5,No answer,,,,,,,,,,,,,
96,Male,41,Private Enterprise,Software Developer,1,20 or more,3,2,2,4,5,5,5,5,4,5,5,5,4,An inexperienced team with untested equipment.,,,,,,,,,,,,,
97,Male,41,Mixed Enterprise (Public-Private partnership),System Analyst,12,1 to 5,4,2,2,4,4,5,5,5,5,5,5,4,4,No answer,,,,,,,,,,,,,
98,Male,40,Private Enterprise,Manager/Director,1,20 or more,2,4,4,4,4,4,4,5,4,5,5,5,4,Lack of ownership.,,,,,,,,,,,,,
99,Female,40,Private Enterprise,System Architect,8,20 or more,2,2,4,5,4,5,5,5,4,5,5,5,5,Departures from the project team due to the failure of company managers.,,,,,,,,,,,,,
100,Male,40,Mixed Enterprise (Public-Private partnership),Software Developer,12,6 to 10,2,1,5,4,3,5,5,5,4,4,4,4,4,No answer,,,,,,,,,,,,,
101,Male,40,Private Enterprise,Software Developer,18,6 to 10,2,3,4,5,3,2,3,1,1,5,4,4,4,No answer,,,,,,,,,,,,,
102,Male,40,Private Enterprise,Project Manager,12,20 or more,2,2,4,4,5,5,5,3,2,5,4,5,4,The inability to determine priorities.,,,,,,,,,,,,,
103,Male,40,Mixed Enterprise (Public-Private partnership),Project Manager,7,6 to 10,2,1,2,4,4,4,4,2,2,4,4,4,4,The project owners find the cost differences that arise as details emerge to be high and do not want to allocate more resources.,,,,,,,,,,,,,
104,Male,40,Public Enterprise,Technical Support,9,1 to 5,2,2,2,5,4,5,5,5,5,5,5,5,5,"The inability to determine the scope, inexperienced personnel both on the customer and project team sides, team incompatibility, and preparation of master data.",,,,,,,,,,,,,
105,Male,39,Private Enterprise,Manager/Director,9,20 or more,3,3,3,5,4,5,4,5,5,5,5,4,4,No answer,,,,,,,,,,,,,
106,Male,39,Private Enterprise,Project Manager,5,11 to 15,2,2,3,4,4,5,5,4,5,5,5,5,4,Managers are not providing the necessary support for the project.,,,,,,,,,,,,,
107,Male,38,Public Enterprise,Software Developer,7,1 to 5,2,2,5,5,4,4,4,3,3,5,5,5,4,"The integrator's failure to accurately determine the cost of the project when starting or taking the job, the failure to accurately determine the project's goals, focusing on profit rather than the project's success.",,,,,,,,,,,,,
108,Male,38,Foreign Capital Enterprise,Project Manager,15,1 to 5,2,2,3,4,4,5,4,5,5,4,4,4,4,No answer,,,,,,,,,,,,,
109,Male,38,Mixed Enterprise (Public-Private partnership),System Analyst,14,20 or more,2,3,4,4,5,5,5,4,5,5,5,5,5,Poor progress between the two parties.,,,,,,,,,,,,,
110,Male,38,Private Enterprise,System Architect,14,20 or more,2,3,4,4,4,4,4,4,4,5,5,4,4,No answer,,,,,,,,,,,,,
111,Male,38,Mixed Enterprise (Public-Private partnership),Project Manager,5,1 to 5,3,2,4,4,5,5,4,3,4,5,5,5,5,Scope definition.,,,,,,,,,,,,,
112,Female,37,Private Enterprise,Project Manager,3,20 or more,3,4,3,4,5,5,5,5,4,5,5,4,4,"Unqualified personnel, lack of education.",,,,,,,,,,,,,
113,Male,37,Mixed Enterprise (Public-Private partnership),System Architect,5,6 to 10,2,2,3,5,4,5,5,4,4,5,5,5,5,No answer,,,,,,,,,,,,,
114,Male,37,Private Enterprise,Manager/Director,2,11 to 15,3,1,3,4,4,4,5,4,3,5,5,4,4,No answer,,,,,,,,,,,,,
115,Male,37,Public Enterprise,System Architect,14,16 to 20,2,4,4,4,4,4,5,4,4,5,5,4,4,Technological dependency on external sources in IT projects is a reason for failure.,,,,,,,,,,,,,
116,Male,37,Public Enterprise,Manager/Director,2,20 or more,2,3,3,3,4,4,4,3,4,5,5,5,4,The pursuit of personal/group interests by managers or project participants in the public or private sector.,,,,,,,,,,,,,
117,Male,37,Private Enterprise,Sales Personnel,12,20 or more,2,2,4,4,2,4,3,2,2,5,5,5,4,No answer,,,,,,,,,,,,,
118,Male,37,Private Enterprise,Technical Support,12,6 to 10,2,4,3,4,4,5,5,5,5,5,5,5,4,"Product ownership (product owner) should exist on both the IT and business unit sides. Requirements should be clear and tracked item by item (RTM-requirement trace matrix). The project plan should be prepared with every detail considered. The project organization must be established, and all parties must be informed and approved. The project's schedule, organization, and organizational responsibility matrix (RACI) should be created, etc. The project should start with a kick-off meeting involving all stakeholders. Each stage of the project should be reported and have approval processes, such as analysis report approval, design approval, etc. Issues and risks should not be overlooked and should be managed well. The project team should consist of competent personnel from the business and IT sides. The project status should be monitored through routine weekly meetings, and risks and issues should be escalated.",,,,,,,,,,,,,
119,Male,37,Private Enterprise,Manager/Director,3,1 to 5,2,3,3,4,4,4,4,2,4,5,5,4,4,No answer,,,,,,,,,,,,,
120,Male,36,Private Enterprise,Manager/Director,9,11 to 15,2,3,4,5,5,5,5,5,5,5,5,5,5,No answer,,,,,,,,,,,,,
121,Male,36,Foreign Capital Enterprise,System Architect,17,1 to 5,2,2,3,5,5,5,4,5,4,5,5,5,4,No answer,,,,,,,,,,,,,
122,Male,36,Private Enterprise,Manager/Director,11,6 to 10,4,4,2,5,5,5,5,4,5,5,5,4,4,No answer,,,,,,,,,,,,,
123,Male,36,Private Enterprise,Software Expert,12,16 to 20,3,3,3,4,4,4,4,4,4,5,5,4,5,No answer,,,,,,,,,,,,,
124,Female,36,Private Enterprise,Project Manager,8,20 or more,4,2,2,4,5,5,5,5,5,4,4,5,5,"The failure to clearly define project stakeholders' roles and responsibilities and leave the process entirely to the project management team, avoiding taking responsibility.",,,,,,,,,,,,,
125,Male,35,Private Enterprise,Manager/Director,4,20 or more,3,3,3,4,2,4,4,4,4,4,4,4,4,No answer,,,,,,,,,,,,,
126,Male,35,Public Enterprise,Project Manager,2,1 to 5,2,4,3,5,4,5,5,5,5,5,5,5,4,"Creating project content and schedules in an unconscious, aggressive, and unrealistic manner also leads to failure.",,,,,,,,,,,,,
127,Male,35,Private Enterprise,Manager/Director,7,20 or more,2,3,3,5,4,4,5,4,5,4,4,4,4,"Starting on a large scale. Instead of progressing piece by piece, wanting to complete and deliver the whole project at once. Lack of know-how and experience. Not knowing what is happening in the world regarding such projects. Changes in the teams that start the projects. Changes in the authority that owns the project. The project not receiving sufficient support within the institution, even facing sabotage by staff resistant to change. Stakeholders are voicing their concerns not during the project's development stages but after completion, etc. I have been managing projects for 12 years. I have received two awards, both ETR and TBV. When a project starts, I can now see whether it will explode or fly.",,,,,,,,,,,,,
128,Female,34,Mixed Enterprise (Public-Private partnership),System Architect,14,6 to 10,3,1,2,4,4,5,5,4,5,5,5,5,4,No answer,,,,,,,,,,,,,
129,Male,34,Mixed Enterprise (Public-Private partnership),Manager/Director,15,20 or more,2,3,4,4,2,5,4,5,4,5,5,4,4,"a. Changes (developments) in requirements and expectations after technical analysis approval.
b. Requirement-product mismatch due to different interpretations or ambiguities in requests during technical analysis.
c. Poor team management, inexperienced team members, frequent staff turnover.
d. Lack of project coordination (between project sponsor, project manager, technical manager, and development teams).
e. Lack or incompetence in project management experience (the least common reason).
In order of most to least encountered reasons: a-most common, e-least common.",,,,,,,,,,,,,
130,Male,33,Public Enterprise,Security Expert,6,1 to 5,2,2,3,5,4,5,5,5,5,4,4,4,4,IT projects should be long-term projects that start with properly analyzing goals and objectives. Getting good results from IT projects that have been hastily concluded without a thorough feasibility analysis is impossible.,,,,,,,,,,,,,
131,Female,33,Private Enterprise,Test Engineer,7,20 or more,3,1,4,4,5,5,5,3,5,5,5,5,5,The attitude of managers.,,,,,,,,,,,,,
132,Female,32,Private Enterprise,Network Architecture Expert,9,20 or more,2,2,4,4,4,4,4,4,4,5,5,5,5,The business units' mastery of their work and their harmonious collaboration with software units is the golden rule that is indispensable for success. The failure to ensure this basic rule often results in project failure.,,,,,,,,,,,,,
133,Female,30,Private Enterprise,Sales Personnel,5,20 or more,2,4,4,4,4,5,5,4,4,5,5,4,4,No answer,,,,,,,,,,,,,
134,Male,29,Private Enterprise,Security Engineer,6,20 or more,3,2,3,5,5,5,5,5,5,5,5,4,4,No answer,,,,,,,,,,,,,
135,Male,28,Private Enterprise,Technical Support,4,11 to 15,5,2,3,4,5,4,5,5,3,5,4,4,5,No answer,,,,,,,,,,,,,
136,Male,28,Private Enterprise,Project Manager,1,6 to 10,3,2,3,4,5,5,4,4,4,4,4,4,5,No answer,,,,,,,,,,,,,
137,Male,28,Private Enterprise,Project Manager,3,1 to 5,2,4,4,4,4,4,4,4,4,5,5,5,4,Cost constraints and lack of scaling.,,,,,,,,,,,,,
138,Female,27,Private Enterprise,Software Developer,2,1 to 5,3,2,2,4,4,4,4,5,5,5,5,4,5,Not delivering expectations to the customer on time and changing needs during the process.,,,,,,,,,,,,,
139,Male,25,Private Enterprise,Software Developer,2,1 to 5,3,4,5,4,4,4,4,4,4,5,5,5,4,"Low motivation, lack of technical expertise, lack of project tracking.",,,,,,,,,,,,,
140,Male,24,Private Enterprise,Software Developer,2,1 to 5,2,4,4,4,4,4,4,4,4,5,5,5,5,No answer,,,,,,,,,,,,,
,Avg.,46.6,,,11.4,,2.5,2.7,3.4,4.3,4.2,4.6,4.4,4.3,4.0,4.7,4.6,4.5,4.1,,,,,,,,,,,,,,
,Std. Dev.,9.3,,,8.2,,0.8,1.0,0.8,0.6,0.8,0.6,0.7,0.9,0.9,0.5,0.5,0.5,0.4,,,,,,,,,,,,,,
,,,,,,,,,,,,,,,,,,,,,,,,,,,,,,,,,
